CREATE DATABASE job_application_db;
USE job_application_db;


CREATE TABLE titles (
	title_id INT AUTO_INCREMENT PRIMARY KEY,
	title_name VARCHAR(10) NOT NULL
)


CREATE TABLE provinces (
	province_id INT PRIMARY KEY,
	province_name VARCHAR(100) NOT NULL
)


CREATE TABLE districts (
	district_id INT PRIMARY KEY,
	province_id INT NOT NULL,
	district_name VARCHAR(100) NOT NULL,
	CONSTRAINT fk_district_province FOREIGN KEY (province_id) REFERENCES provinces(province_id)
)


CREATE TABLE subdistricts (
	subdistrict_id INT PRIMARY KEY,
	district_id INT NOT NULL,
	subdistrict_name VARCHAR(100) NOT NULL,
	CONSTRAINT fk_subdistrict_district FOREIGN KEY (district_id) REFERENCES districts(district_id)
)


CREATE TABLE applications (
	application_id INT AUTO_INCREMENT PRIMARY KEY,
	title_id INT NOT NULL,
	first_name VARCHAR(100) NOT NULL,
	last_name VARCHAR(100) NOT NULL,
	phone_number VARCHAR(20) NOT Null,
	province_id INT NOT NULL,
	district_id INT NOT NULL,
	subdistrict_id INT NOT NULL,
	poto VARCHAR(255),
	created_at TIMESTAMP DEFAULT CURRENT_TIMESTAMP,
	updated_at TIMESTAMP DEFAULT CURRENT_TIMESTAMP ON UPDATE CURRENT_TIMESTAMP,
	CONSTRAINT fk_application_title FOREIGN KEY (title_id) REFERENCES titles(title_id),
	CONSTRAINT fk_application_province FOREIGN KEY (province_id) REFERENCES provinces(province_id),
	CONSTRAINT fk_application_district FOREIGN KEY (district_id) REFERENCES districts(district_id),
	CONSTRAINT fk_application_subdistrict FOREIGN KEY (subdistrict_id) REFERENCES subdistricts(subdistrict_id)
);


INSERT INTO titles (title_name)
VALUES ('นาย'), ('นาง'), ('นางสาว');


INSERT INTO provinces (province_id, province_name)
VALUES (10, 'กรุงเทพมหานคร'), (11, 'สมุทรปราการ'), (12, 'นนทบุรี'), (13, 'ปทุมธานี'), (14, 'พระนครศรีอยุธยา'), (15, 'อ่างทอง'), (16, 'ลพบุรี'), (17, 'สิงห์บุรี'),
(18, 'ชัยนาท'), (19, 'สระบุรี'), (20, 'ชลบุรี'), (21, 'ระยอง'), (22, 'จันทบุรี'), (23, 'ตราด'), (24, 'ฉะเชิงเทรา'), (25, 'ปราจีนบุรี'), (26, 'นครนายก'), (27, 'สระแก้ว'),
(30, 'นครราชสีมา'), (31, 'บุรีรัมย์'), (32, 'สุรินทร์'), (33, 'ศรีสะเกษ'), (34, 'อุบลราชธานี'), (35, 'ยโสธร'), (36, 'ชัยภูมิ'), (37, 'อำนาจเจริญ'), (39, 'บึงกาฬ'), (40, 'หนองบัวลำภู'),
(41, 'ขอนแก่น'), (42, 'อุดรธานี'), (43, 'เลย'), (44, 'หนองคาย'), (45, 'มหาสารคาม'), (46, 'ร้อยเอ็ด'), (47, 'กาฬสินธุ์'), (48, 'สกลนคร'), (49, 'นครพนม'), (50, 'มุกดาหาร'),
(51, 'เชียงใหม่'), (52, 'ลำพูน'), (53, 'ลำปาง'), (54, 'อุตรดิตถ์'), (55, 'แพร่'), (56, 'น่าน'), (57, 'พะเยา'), (58, 'เชียงราย'), (60, 'แม่ฮ่องสอน'), (61, 'นครสวรรค์'), (62, 'อุทัยธานี'),
(63, 'กำแพงเพชร'), (64, 'ตาก'), (65, 'สุโขทัย'), (66, 'พิษณุโลก'), (67, 'พิจิตร'), (70, 'เพชรบูรณ์'), (71, 'ราชบุรี'), (72, 'กาญจนบุรี'), (73, 'สุพรรณบุรี'), (74, 'นครปฐม'), 
(75, 'สมุทรสาคร'), (76, 'สมุทรสงคราม'), (77, 'ประจวบคีรีขันธ์'), (80, 'นครศรีธรรมราช'), (81, 'กระบี่'), (82, 'พังงา'), (83, 'ภูเก็ต'), (84, 'สุราษฎร์ธานี'), (85, 'ระนอง'), (86, 'ชุมพร'),
(90, 'สงขลา'), (91, 'สตูล'), (92, 'ตรัง'), (93, 'พัทลุง'), (94, 'ปัตตานี'), (95, 'ยะลา'), (96, 'นราธิวาส');



INSERT INTO districts (district_id, province_id, district_name) VALUES 
(1001,10,'พระนคร'),(1002,10,'ดุสิต'),(1003,10,'หนองจอก'),(1004,10,'บางรัก'),(1005,10,'บางเขน'),(1006,10,'บางกะปิ'),(1007,10,'ปทุมวัน'),(1008,10,'ป้อมปราบศัตรูพ่าย'),(1009,10,'พระโขนง'),(1010,10,'มีนบุรี'),(1011,10,'ลาดกระบัง'),(1012,10,'บางขุนเทียน'),(1013,10,'หนองแขม'),(1014,10,'บางบอน'),(1015,10,'บางพลัด'),(1016,10,'บางซื่อ'),(1017,10,'จตุจักร'),(1018,10,'ดอนเมือง'),(1019,10,'บางกอกน้อย'),(1020,10,'บางกอกใหญ่'),
(1101,11,'เมืองสมุทรปราการ'),(1102,11,'บางพลี'),(1103,11,'พระประแดง'),(1104,11,'พระสมุทรเจดีย์'),(1105,11,'บางเสาธง'),
(1201,12,'เมืองนนทบุรี'),(1202,12,'บางบัวทอง'),(1203,12,'บางใหญ่'),(1204,12,'ปากเกร็ด'),(1205,12,'ไทรน้อย'),
(1301,13,'เมืองปทุมธานี'),(1302,13,'คลองหลวง'),(1303,13,'ธัญบุรี'),(1304,13,'ลำลูกกา'),(1305,13,'สามโคก'),(1306,13,'ลาดหลุมแก้ว'),(1307,13,'เมืองธัญบุรี'),
(1401,14,'เมืองพระนครศรีอยุธยา'),(1402,14,'บางบาล'),(1403,14,'บางปะอิน'),(1404,14,'บางไทร'),(1405,14,'บางซ้าย'),(1406,14,'บางน้ำเปรี้ยว'),(1407,14,'บางปะหัน'),(1408,14,'ผักไห่'),(1409,14,'ภาชี'),(1410,14,'นครหลวง'),(1411,14,'เสนา'),(1412,14,'อุทัย'),
(1501,15,'เมืองอ่างทอง'),(1502,15,'ไชโย'),(1503,15,'ป่าโมก'),(1504,15,'สามโก้'),
(1601,16,'เมืองลพบุรี'),(1602,16,'โคกตูม'),(1603,16,'ท่าหลวง'),(1604,16,'พัฒนานิคม'),(1605,16,'ชัยบาดาล'),(1606,16,'บ้านหมี่'),(1607,16,'ลำสนธิ'),
(1701,17,'เมืองสิงห์บุรี'),(1702,17,'ค่ายบางระจัน'),(1703,17,'อินทร์บุรี'),
(1801,18,'เมืองชัยนาท'),(1802,18,'วัดสิงห์'),(1803,18,'สรรคบุรี'),(1804,18,'เนินขาม'),
(1901,19,'เมืองสระบุรี'),(1902,19,'แก่งคอย'),(1903,19,'หนองแค'),(1904,19,'หนองโดน'),(1905,19,'วิหารแดง'),(1906,19,'หนองแซง'),
(2001,20,'เมืองชลบุรี'),(2002,20,'บ้านบึง'),(2003,20,'บางละมุง'),(2004,20,'พนัสนิคม'),(2005,20,'สัตหีบ'),(2006,20,'เกาะจันทร์'),(2007,20,'บ่อทอง'),(2008,20,'พานทอง'),(2009,20,'หนองใหญ่'),
(2101,21,'เมืองระยอง'),(2102,21,'บ้านฉาง'),(2103,21,'แกลง'),(2104,21,'เขาชะเมา'),(2105,21,'วังจันทร์'),
(2201,22,'เมืองจันทบุรี'),(2202,22,'ขลุง'),(2203,22,'โป่งน้ำร้อน'),(2204,22,'ท่าใหม่'),(2205,22,'มะขาม'),(2206,22,'แหลมสิงห์'),
(2301,23,'เมืองตราด'),(2302,23,'เกาะกูด'),(2303,23,'เกาะช้าง'),(2304,23,'คลองใหญ่'),(2305,23,'บ่อไร่'),(2306,23,'เขาสมิง'),(2307,23,'แหลมงอบ'),
(2401,24,'เมืองฉะเชิงเทรา'),(2402,24,'บ้านโพธิ์'),(2403,24,'บางคล้า'),(2404,24,'บางน้ำเปรี้ยว'),(2405,24,'บางประกง'),(2406,24,'บางปะกง'),(2407,24,'สนามชัยเขต'),(2408,24,'ท่าตะเกียบ'),(2409,24,'คลองเขื่อน'),
(2501,25,'เมืองปราจีนบุรี'),(2502,25,'กบินทร์บุรี'),(2503,25,'นาดี'),(2504,25,'ศรีมหาโพธิ'),(2505,25,'ประจันตคาม'),(2506,25,'วังน้ำเขียว'),
(2601,26,'เมืองนครนายก'),(2602,26,'บ้านนา'),(2603,26,'องครักษ์'),(2604,26,'ปากพลี'),
(2701,27,'เมืองสระแก้ว'),(2702,27,'คลองหาด'),(2703,27,'วัฒนานคร'),(2704,27,'วังสมบูรณ์'),(2705,27,'อรัญประเทศ'),(2706,27,'เขาฉกรรจ์'),(2707,27,'ตาพระยา'),(2708,27,'โคกสูง'),
(3001,30,'เมืองนครราชสีมา'),(3002,30,'ครบุรี'),(3003,30,'โนนสูง'),(3004,30,'จักราช'),(3005,30,'โชคชัย'),(3006,30,'ด่านขุนทด'),(3007,30,'โนนไทย'),(3008,30,'บัวใหญ่'),(3009,30,'ประทาย'),(3010,30,'ปักธงชัย'),(3011,30,'พิมาย'),(3012,30,'พระทองคำ'),(3013,30,'ชุมพวง'),(3014,30,'ขามสะแกแสง'),(3015,30,'สีคิ้ว'),(3016,30,'หนองบุญมาก'),(3017,30,'วังน้ำเขียว'),
(3101,31,'เมืองบุรีรัมย์'),(3102,31,'คูเมือง'),(3103,31,'นางรอง'),(3104,31,'สตึก'),(3105,31,'ประโคนชัย'),(3106,31,'ปะคำ'),(3107,31,'ห้วยราช'),(3108,31,'ลำปลายมาศ'),(3109,31,'บ้านกรวด'),(3110,31,'โนนดินแดง'),(3111,31,'เฉลิมพระเกียรติ'),
(3201,32,'เมืองสุรินทร์'),(3202,32,'ชุมพลบุรี'),(3203,32,'ท่าตูม'),(3204,32,'รัตนบุรี'),(3205,32,'ศีขรภูมิ'),(3206,32,'สังขะ'),(3207,32,'พนมดงรัก'),
(3301,33,'เมืองศรีสะเกษ'),(3302,33,'กันทรารมย์'),(3303,33,'ขุขันธ์'),(3304,33,'ไพรบึง'),(3305,33,'สังขะ'),(3306,33,'ห้วยทับทัน'),(3307,33,'ราษีไศล'),(3308,33,'ปรางค์กู่'),(3309,33,'ยางชุมน้อย'),(3310,33,'บึงบูรพ์'),
(3401,34,'เมืองอุบลราชธานี'),(3402,34,'วารินชำราบ'),(3403,34,'ตระการพืชผล'),(3404,34,'เขื่องใน'),(3405,34,'โขงเจียม'),(3406,34,'ดอนมดแดง'),(3407,34,'น้ำยืน'),(3408,34,'เหล่าเสือโก้ก'),(3409,34,'ม่วงสามสิบ'),(3410,34,'นาจะหลวย'),(3411,34,'สำโรง'),(3412,34,'โพธิ์ไทร'),(3413,34,'กุดข้าวปุ้น'),(3414,34,'พิบูลมังสาหาร'),(3415,34,'นาเยีย'),(3416,34,'เขมราฐ'),(3417,34,'พนา'),(3418,34,'ตาลสุม'),(3419,34,'สิรินธร'),(3420,34,'น้ำขุ่น'),
(3501,35,'เมืองยโสธร'),(3502,35,'ค้อวัง'),(3503,35,'คำเขื่อนแก้ว'),(3504,35,'ทรายมูล'),(3505,35,'ป่าติ้ว'),
(3601,36,'เมืองชัยภูมิ'),(3602,36,'คอนสวรรค์'),(3603,36,'หนองบัวแดง'),(3604,36,'เนินสง่า'),(3605,36,'เกษตรสมบูรณ์'),(3606,36,'แก้งคร้อ'),(3607,36,'คอนสาร'),(3608,36,'บ้านเขว้า'),(3609,36,'ซับใหญ่'),(3610,36,'จัตุรัส'),
(3701,37,'เมืองอำนาจเจริญ'),(3702,37,'ชานุมาน'),(3703,37,'หัวตะพาน'),(3704,37,'เสนางคนิคม'),
(3901,39,'เมืองบึงกาฬ'),(3902,39,'พรเจริญ'),(3903,39,'โซ่พิสัย'),(3904,39,'เซกา'),(3905,39,'ปากคาด'),(3906,39,'บึงโขงหลง'),
(4001,40,'เมืองหนองบัวลำภู'),(4002,40,'ศรีบุญเรือง'),(4003,40,'นากลาง'),(4004,40,'สุวรรณคูหา'),
(4101,41,'เมืองขอนแก่น'),(4102,41,'ชุมแพ'),(4103,41,'บ้านฝาง'),(4104,41,'น้ำพอง'),(4105,41,'พระยืน'),(4106,41,'เวียงเก่า'),(4107,41,'ภูเวียง'),(4108,41,'หนองเรือ'),(4109,41,'เขาสวนกวาง'),(4110,41,'บ้านแฮด'),(4111,41,'ชนบท'),(4112,41,'หนองสองห้อง'),
(4201,42,'เมืองอุดรธานี'),(4202,42,'หนองวัวซอ'),(4203,42,'กุดจับ'),(4204,42,'ทุ่งฝน'),(4205,42,'น้ำโสม'),(4206,42,'ศรีธาตุ'),(4207,42,'เพ็ญ'),(4208,42,'สร้างคอม'),(4209,42,'บ้านดุง'),(4210,42,'นายูง'),(4211,42,'หนองหาน'),(4212,42,'ไชยวาน'),
(4301,43,'เมืองเลย'),(4302,43,'เชียงคาน'),(4303,43,'ด่านซ้าย'),(4304,43,'นาแห้ว'),(4305,43,'ปากชม'),(4306,43,'ภูเรือ'),(4307,43,'ภูกระดึง'),(4308,43,'วังสะพุง'),(4309,43,'หนองหิน'),(4310,43,'ผาขาว'),
(4401,44,'เมืองหนองคาย'),(4402,44,'บึงกาฬ'),(4403,44,'โซ่พิสัย'),(4404,44,'ศรีเชียงใหม่'),(4405,44,'สังคม'),(4406,44,'รัตนวาปี'),(4407,44,'โพนพิสัย'),
(4501,45,'เมืองมหาสารคาม'),(4502,45,'แกดำ'),(4503,45,'โกสุมพิสัย'),(4504,45,'กันทรวิชัย'),(4505,45,'นาดูน'),(4506,45,'ยางสีสุราช'),(4507,45,'พยัคฆภูมิพิสัย'),(4508,45,'เชียงยืน'),(4509,45,'บรบือ'),
(4601,46,'เมืองร้อยเอ็ด'),(4602,46,'จังหาร'),(4603,46,'โพนทอง'),(4604,46,'เกษตรวิสัย'),(4605,46,'ปทุมรัตต์'),(4606,46,'ธวัชบุรี'),(4607,46,'พนมไพร'),(4608,46,'โพนทราย'),(4609,46,'เสลภูมิ'),(4610,46,'เชียงขวัญ'),(4611,46,'หนองพอก'),(4612,46,'เมยวดี'),(4613,46,'โพนทราย'),
(4701,47,'เมืองกาฬสินธุ์'),(4702,47,'นามน'),(4703,47,'กมลาไสย'),(4704,47,'ร่องคำ'),(4705,47,'สมเด็จ'),(4706,47,'ห้วยเม็ก'),(4707,47,'เขาวง'),(4708,47,'กุฉินารายณ์'),
(4801,48,'เมืองสกลนคร'),(4802,48,'กุดบาก'),(4803,48,'พรรณานิคม'),(4804,48,'วานรนิวาส'),(4805,48,'สว่างแดนดิน'),(4806,48,'นิคมน้ำอูน'),(4807,48,'โพนนาแก้ว'),(4808,48,'เต่างอย'),(4809,48,'คำตากล้า'),(4810,48,'ส่องดาว'),(4811,48,'บ้านม่วง'),
(4901,49,'เมืองนครพนม'),(4902,49,'เรณูนคร'),(4903,49,'นาแก'),(4904,49,'ปลาปาก'),(4905,49,'ท่าอุเทน'),(4906,49,'บ้านแพง'),(4907,49,'ธาตุพนม'),(4908,49,'ศรีสงคราม'),
(5001,50,'เมืองมุกดาหาร'),(5002,50,'ดอนตาล'),(5003,50,'คำชะอี'),(5004,50,'นิคมคำสร้อย'),
(5101,51,'เมืองเชียงใหม่'),(5102,51,'จอมทอง'),(5103,51,'เชียงดาว'),(5104,51,'แม่แตง'),(5105,51,'แม่ริม'),(5106,51,'สะเมิง'),(5107,51,'ดอยสะเก็ด'),(5108,51,'สันป่าตอง'),(5109,51,'สันกำแพง'),(5110,51,'หางดง'),(5111,51,'แม่ออน'),(5112,51,'พร้าว'),(5113,51,'สารภี'),(5114,51,'เวียงแหง'),(5115,51,'ไชยปราการ'),(5116,51,'ฝาง'),(5117,51,'แม่อาย'),
(5201,52,'เมืองลำพูน'),(5202,52,'แม่ทา'),(5203,52,'ป่าซาง'),(5204,52,'บ้านโฮ่ง'),(5205,52,'ลี้'),(5206,52,'เวียงหนองล่อง'),
(5301,53,'เมืองลำปาง'),(5302,53,'เกาะคา'),(5303,53,'เถิน'),(5304,53,'เสริมงาม'),(5305,53,'วังเหนือ'),(5306,53,'แจ้ห่ม'),(5307,53,'งาว'),(5308,53,'แม่เมาะ'),(5309,53,'แม่พริก'),(5310,53,'สบปราบ'),(5311,53,'แม่ทะ'),
(5401,54,'เมืองอุตรดิตถ์'),(5402,54,'ตรอน'),(5403,54,'น้ำปาด'),(5404,54,'ฟากท่า'),(5405,54,'ท่าปลา'),(5406,54,'พิชัย'),(5407,54,'ลับแล'),
(5501,55,'เมืองแพร่'),(5502,55,'ร้องกวาง'),(5503,55,'ลอง'),(5504,55,'สูงเม่น'),(5505,55,'วังชิ้น'),(5506,55,'เด่นชัย'),
(5601,56,'เมืองน่าน'),(5602,56,'ทุ่งช้าง'),(5603,56,'เวียงสา'),(5604,56,'นาน้อย'),(5605,56,'ปัว'),(5606,56,'บ่อเกลือ'),(5607,56,'เฉลิมพระเกียรติ'),(5608,56,'สันติสุข'),
(5701,57,'เมืองพะเยา'),(5702,57,'จุน'),(5703,57,'เชียงคำ'),(5704,57,'ดอกคำใต้'),(5705,57,'ปง'),(5706,57,'ภูกามยาว'),
(5801,58,'เมืองเชียงราย'),(5802,58,'เชียงของ'),(5803,58,'เวียงชัย'),(5804,58,'แม่จัน'),(5805,58,'แม่สาย'),(5806,58,'พาน'),(5807,58,'เชียงแสน'),(5808,58,'แม่สรวย'),(5809,58,'เวียงป่าเป้า'),(5810,58,'พญาเม็งราย'),(5811,58,'เวียงแก่น'),(5812,58,'ขุนตาล'),(5813,58,'เชียงของ'),(5814,58,'เทิง'),(5815,58,'แม่ลาว'),
(6001,60,'เมืองแม่ฮ่องสอน'),(6002,60,'ขุนยวม'),(6003,60,'ปาย'),(6004,60,'แม่ลาน้อย'),(6005,60,'แม่สะเรียง'),(6006,60,'สบเมย'),(6007,60,'แม่ฮองสอน'),
(6101,61,'เมืองนครสวรรค์'),(6102,61,'ชุมแสง'),(6103,61,'โกรกพระ'),(6104,61,'ตาคลี'),(6105,61,'ตากฟ้า'),(6106,61,'ท่าตะโก'),(6107,61,'บรรพตพิสัย'),(6108,61,'เก้าเลี้ยว'),(6109,61,'แม่วงก์'),(6110,61,'แม่เปิน'),
(6201,62,'เมืองอุทัยธานี'),(6202,62,'บ้านไร่'),(6203,62,'ทัพทัน'),(6204,62,'สว่างอารมณ์'),(6205,62,'หนองฉาง'),(6206,62,'ลานสัก'),
(6301,63,'เมืองกำแพงเพชร'),(6302,63,'คลองขลุง'),(6303,63,'ทรายทองวัฒนา'),(6304,63,'ปางศิลาทอง'),(6305,63,'ไทรงาม'),(6306,63,'ลานกระบือ'),(6307,63,'ขาณุวรลักษบุรี'),(6308,63,'พรานกระต่าย'),
(6401,64,'เมืองตาก'),(6402,64,'แม่สอด'),(6403,64,'ท่าสองยาง'),(6404,64,'พบพระ'),(6405,64,'อุ้มผาง'),(6406,64,'วังเจ้า'),(6407,64,'บ้านตาก'),(6408,64,'แม่ระมาด'),(6409,64,'สามเงา'),
(6501,65,'เมืองสุโขทัย'),(6502,65,'คีรีมาศ'),(6503,65,'กงไกรลาศ'),(6504,65,'ศรีสัชนาลัย'),(6505,65,'ศรีสำโรง'),(6506,65,'สวรรคโลก'),(6507,65,'บ้านด่านลานหอย'),
(6601,66,'เมืองพิษณุโลก'),(6602,66,'ชาติตระการ'),(6603,66,'บางระกำ'),(6604,66,'นครไทย'),(6605,66,'เนินมะปราง'),(6606,66,'วัดโบสถ์'),(6607,66,'วังทอง'),(6608,66,'ชุมแสงสงคราม'),
(6701,67,'เมืองพิจิตร'),(6702,67,'บึงนาราง'),(6703,67,'ดงเจริญ'),(6704,67,'วชิรบารมี'),(6705,67,'ตะพานหิน'),(6706,67,'โพทะเล'),(6707,67,'สามง่าม'),(6708,67,'ทับคล้อ'),(6709,67,'โพธิ์ประทับช้าง'),
(7001,70,'เมืองเพชรบูรณ์'),(7002,70,'ชนแดน'),(7003,70,'หล่มสัก'),(7004,70,'หล่มเก่า'),(7005,70,'วิเชียรบุรี'),(7006,70,'ศรีเทพ'),(7007,70,'เขาค้อ'),(7008,70,'บึงสามพัน'),
(7101,71,'เมืองราชบุรี'),(7102,71,'จอมบึง'),(7103,71,'สวนผึ้ง'),(7104,71,'ดำเนินสะดวก'),(7105,71,'โพธาราม'),(7106,71,'บางแพ'),(7107,71,'ปากท่อ'),(7108,71,'บ้านคา'),
(7201,72,'เมืองกาญจนบุรี'),(7202,72,'ไทรโยค'),(7203,72,'ทองผาภูมิ'),(7204,72,'ศรีสวัสดิ์'),(7205,72,'พนมทวน'),(7206,72,'สังขละบุรี'),(7207,72,'ท่ามะกา'),(7208,72,'ท่าม่วง'),(7209,72,'บ่อพลอย'),(7210,72,'หนองปรือ'),
(7301,73,'เมืองสุพรรณบุรี'),(7302,73,'เดิมบางนางบวช'),(7303,73,'ดอนเจดีย์'),(7304,73,'สองพี่น้อง'),(7305,73,'อู่ทอง'),(7306,73,'หนองหญ้าไซ'),(7307,73,'บางปลาม้า'),(7308,73,'ศรีประจันต์'),
(7401,74,'เมืองนครปฐม'),(7402,74,'กำแพงแสน'),(7403,74,'นครชัยศรี'),(7404,74,'ดอนตูม'),(7405,74,'สามพราน'),(7406,74,'พุทธมณฑล'),
(7501,75,'เมืองสมุทรสาคร'),(7502,75,'กระทุ่มแบน'),(7503,75,'บ้านแพ้ว'),
(7601,76,'เมืองสมุทรสงคราม'),(7602,76,'บางคนที'),(7603,76,'อัมพวา'),
(7701,77,'เมืองประจวบคีรีขันธ์'),(7702,77,'กุยบุรี'),(7703,77,'ทับสะแก'),(7704,77,'บางสะพาน'),(7705,77,'บางสะพานน้อย'),(7706,77,'หัวหิน'),(7707,77,'ปราณบุรี'),
(8001,80,'เมืองนครศรีธรรมราช'),(8002,80,'พรหมคีรี'),(8003,80,'ลานสกา'),(8004,80,'ฉวาง'),(8005,80,'ทุ่งสง'),(8006,80,'ร่อนพิบูลย์'),(8007,80,'บางขัน'),(8008,80,'จุฬาภรณ์'),(8009,80,'นบพิตำ'),(8010,80,'เชียรใหญ่'),(8011,80,'ท่าศาลา'),(8012,80,'หัวไทร'),(8013,80,'ปากพนัง'),(8014,80,'สิชล'),(8015,80,'ขนอม'),(8016,80,'ทุ่งใหญ่'),(8017,80,'นาสาร'),(8018,80,'ชะอวด'),(8019,80,'เฉลิมพระเกียรติ'),
(8101,81,'เมืองกระบี่'),(8102,81,'คลองท่อม'),(8103,81,'เหนือคลอง'),(8104,81,'อ่าวลึก'),(8105,81,'เขาพนม'),(8106,81,'ลำทับ'),(8107,81,'ปลายพระยา'),
(8201,82,'เมืองพังงา'),(8202,82,'เกาะยาว'),(8203,82,'คุระบุรี'),(8204,82,'ตะกั่วป่า'),(8205,82,'ตะกั่วทุ่ง'),(8206,82,'ทับปุด'),
(8301,83,'เมืองภูเก็ต'),(8302,83,'กะทู้'),(8303,83,'ถลาง'),
(8401,84,'เมืองสุราษฎร์ธานี'),(8402,84,'กาญจนดิษฐ์'),(8403,84,'ดอนสัก'),(8404,84,'เกาะสมุย'),(8405,84,'เกาะพะงัน'),(8406,84,'เกาะเต่า'),(8407,84,'คีรีรัฐนิคม'),(8408,84,'บ้านนาเดิม'),(8409,84,'บ้านนาสาร'),(8410,84,'พนม'),(8411,84,'ไชยา'),(8412,84,'ท่าชนะ'),(8413,84,'เวียงสระ'),(8414,84,'เคียนซา'),(8415,84,'พุนพิน'),(8416,84,'พระแสง'),(8417,84,'พระพรหม'),(8418,84,'ชัยบุรี'),
(8501,85,'เมืองระนอง'),(8502,85,'กะเปอร์'),(8503,85,'ละอุ่น'),(8504,85,'กระบุรี'),
(8601,86,'เมืองชุมพร'),(8602,86,'ท่าแซะ'),(8603,86,'ปะทิว'),(8604,86,'หลังสวน'),(8605,86,'ละแม'),(8606,86,'พะโต๊ะ'),
(9001,90,'เมืองสงขลา'),(9002,90,'สะเดา'),(9003,90,'หาดใหญ่'),(9004,90,'นาทวี'),(9005,90,'จะนะ'),(9006,90,'เทพา'),(9007,90,'สะบ้าย้อย'),(9008,90,'รัตภูมิ'),(9009,90,'คลองหอยโข่ง'),(9010,90,'สทิงพระ'),
(9101,91,'เมืองสตูล'),(9102,91,'ควนโดน'),(9103,91,'ควนกาหลง'),(9104,91,'ท่าแพ'),(9105,91,'ละงู'),(9106,91,'สวี'),
(9201,92,'เมืองตรัง'),(9202,92,'กันตัง'),(9203,92,'ย่านตาขาว'),(9204,92,'ปะเหลียน'),(9205,92,'สิเกา'),(9206,92,'รัษฎา'),(9207,92,'ห้วยยอด'),
(9301,93,'เมืองพัทลุง'),(9302,93,'กงหรา'),(9303,93,'ควนขนุน'),(9304,93,'เขาชัยสน'),(9305,93,'ปากพะยูน'),(9306,93,'ศรีบรรพต'),(9307,93,'ตะโหมด'),(9308,93,'ป่าบอน'),
(9401,94,'เมืองปัตตานี'),(9402,94,'โคกโพธิ์'),(9403,94,'หนองจิก'),(9404,94,'มายอ'),(9405,94,'ปะนาเระ'),(9406,94,'ยะหริ่ง'),(9407,94,'แม่ลาน'),(9408,94,'ทุ่งยางแดง'),
(9501,95,'เมืองยะลา'),(9502,95,'เบตง'),(9503,95,'ธารโต'),(9504,95,'ยะหา'),(9505,95,'บันนังสตา'),(9506,95,'รามัน'),(9507,95,'กาบัง'),
(9601,96,'เมืองนราธิวาส'),(9602,96,'ตากใบ'),(9603,96,'บาเจาะ'),(9604,96,'ยี่งอ'),(9605,96,'ระแงะ'),(9606,96,'เจาะไอร้อง'),(9607,96,'สุคิริน'),(9608,96,'สุไหงโกลก'),(9609,96,'สุไหงปาดี'),(9610,96,'ตันหยงมัส');


-- Query : บันทึกข้อมูล
INSERT INTO applications (title_id, first_name, last_name, phone_number, province_id, district_id, subdistrict_id, photo)
VALUES 
(1, 'สมชาย', 'ใจดี', '0846655555', 10, 1017, 101701, NULL),
(2, 'สุขใจ', 'ยินดียิ่ง', '0641789235', 51, 5101, 500101, NULL),
(3, 'ธารารัตน์', 'มณีศรี', '0834567890', 83, 8301, 830102, NULL),
(1, 'จอห์น', 'สมิธ', '0985678901', 41, 4101, 410101, NULL),
(3, 'พิมพ์ใจ', 'รุ่งเรือง', '0856789012', 30, 3001, 300101, NULL),
(2, 'กานดา', 'สุขใจ', '0899998888', 20, 2001, 200101, NULL);


-- Query : แก้ไขใบสมัคร ชื่อขนามสกุล และเบอร์โทรศัพท์
UPDATE applications 
SET  first_name = 'ชลธาร' 
	last_name = 'รุ่งนิรันดร์'
	phone_number = '0856789012'
WHERE application_id = 2;


-- Query : ลบใบสมัคร
DELETE FROM applications
WHERE application_id = 6;


-- Query : แสดงข้อมูลที่สมัคร
SELECT a.application_id,        
       t.title_name,            
       a.first_name,            
       a.last_name,             
       a.phone_number,          
       p.province_name,         
       d.district_name,         
       s.subdistrict_name,      
       a.poto                   
FROM applications a
JOIN titles t ON a.title_id = t.title_id
JOIN provinces p ON a.province_id = p.province_id
JOIN districts d ON a.district_id = d.district_id
JOIN subdistricts s ON a.subdistrict_id = s.subdistrict_id;


-- Query : แสดงข้อมูล คำนำหน้า จังหวัด อำเภอ และตำบล
SELECT DISTINCT 
				b.title_name,
				p.province_name,
                d.district_name,
                s.subdistrict_name
FROM applications a
JOIN titles b ON a.title_id = b.title_id
JOIN provinces p ON a.province_id = p.province_id
JOIN districts d ON a.district_id = d.district_id
JOIN subdistricts s ON a.subdistrict_id = s.subdistrict_id;





